"STATION","NAME","DATE","PRCP","TMAX","TMIN","TOBS"
"USC00417947","SAN ANTONIO INCARNATE WORD, TX US","2017-05-01","0.10","78","45","63"
"USC00417947","SAN ANTONIO INCARNATE WORD, TX US","2017-05-02","0.00","89","54","68"
"USC00417947","SAN ANTONIO INCARNATE WORD, TX US","2017-05-03","0.00","90","68","76"
"USC00417947","SAN ANTONIO INCARNATE WORD, TX US","2017-05-04","0.00","90","50","65"
"USC00417947","SAN ANTONIO INCARNATE WORD, TX US","2017-05-05","0.00","79","44","68"
"USC00417947","SAN ANTONIO INCARNATE WORD, TX US","2017-05-06","0.00","85","48","71"
"USC00417947","SAN ANTONIO INCARNATE WORD, TX US","2017-05-07","0.00","87","54","71"
"USC00417947","SAN ANTONIO INCARNATE WORD, TX US","2017-05-08","0.00","86","65","68"
"USC00417947","SAN ANTONIO INCARNATE WORD, TX US","2017-05-09","0.00","77","67","70"
"USC00417947","SAN ANTONIO INCARNATE WORD, TX US","2017-05-10","0.09","77","70","72"
"USC00417947","SAN ANTONIO INCARNATE WORD, TX US","2017-05-11","0.06","83","69","71"
"USC00417947","SAN ANTONIO INCARNATE WORD, TX US","2017-05-12","0.00","86","67","70"
"USC00417947","SAN ANTONIO INCARNATE WORD, TX US","2017-05-13","0.00","87","53","70"
"USC00417947","SAN ANTONIO INCARNATE WORD, TX US","2017-05-14","0.00","89","58","70"
"USC00417947","SAN ANTONIO INCARNATE WORD, TX US","2017-05-15","0.00","91","67","71"
"USC00417947","SAN ANTONIO INCARNATE WORD, TX US","2017-05-16","0.00","90","71","73"
"USC00417947","SAN ANTONIO INCARNATE WORD, TX US","2017-05-17","0.10","80","67","67"
"USC00417947","SAN ANTONIO INCARNATE WORD, TX US","2017-05-18","0.00","87","67","77"
"USC00417947","SAN ANTONIO INCARNATE WORD, TX US","2017-05-19","0.00","91","76","77"
"USC00417947","SAN ANTONIO INCARNATE WORD, TX US","2017-05-20","0.00","90","74","75"
"USC00417947","SAN ANTONIO INCARNATE WORD, TX US","2017-05-21","0.00","80","71","73"
"USC00417947","SAN ANTONIO INCARNATE WORD, TX US","2017-05-22","0.44","76","63","66"
"USC00417947","SAN ANTONIO INCARNATE WORD, TX US","2017-05-23","0.00","76","64",
"USC00417947","SAN ANTONIO INCARNATE WORD, TX US","2017-05-24","0.01","84","49","65"
"USC00417947","SAN ANTONIO INCARNATE WORD, TX US","2017-05-25","0.00","86","56","70"
"USC00417947","SAN ANTONIO INCARNATE WORD, TX US","2017-05-26","0.00","86","56","77"
"USC00417947","SAN ANTONIO INCARNATE WORD, TX US","2017-05-27","0.02","93","69","79"
"USC00417947","SAN ANTONIO INCARNATE WORD, TX US","2017-05-28","0.00","91","77","79"
"USC00417947","SAN ANTONIO INCARNATE WORD, TX US","2017-05-29","0.09","97","71","72"
"USC00417947","SAN ANTONIO INCARNATE WORD, TX US","2017-05-30","0.65","92","70","76"
"USC00417947","SAN ANTONIO INCARNATE WORD, TX US","2017-05-31","0.40","82","64","69"
"USC00417947","SAN ANTONIO INCARNATE WORD, TX US","2017-06-01","0.00","88","64","69"
"USC00417947","SAN ANTONIO INCARNATE WORD, TX US","2017-06-02","0.00","88","69","75"
"USC00417947","SAN ANTONIO INCARNATE WORD, TX US","2017-06-03","0.04","88","74","76"
"USC00417947","SAN ANTONIO INCARNATE WORD, TX US","2017-06-04","0.00","88","66","72"
"USC00417947","SAN ANTONIO INCARNATE WORD, TX US","2017-06-05","0.03","89","67","75"
"USC00417947","SAN ANTONIO INCARNATE WORD, TX US","2017-06-06","0.15","92","68","76"
"USC00417947","SAN ANTONIO INCARNATE WORD, TX US","2017-06-07","0.00","92","63","76"
"USC00417947","SAN ANTONIO INCARNATE WORD, TX US","2017-06-08","0.00","94","64","76"
"USC00417947","SAN ANTONIO INCARNATE WORD, TX US","2017-06-09",,,,
"USC00417947","SAN ANTONIO INCARNATE WORD, TX US","2017-06-10",,"90","67",
"USC00417947","SAN ANTONIO INCARNATE WORD, TX US","2017-06-11","0.00","90","72","76"
"USC00417947","SAN ANTONIO INCARNATE WORD, TX US","2017-06-12","0.00","90","70","75"
"USC00417947","SAN ANTONIO INCARNATE WORD, TX US","2017-06-13","0.00","91","75","78"
"USC00417947","SAN ANTONIO INCARNATE WORD, TX US","2017-06-14",,"93","78",
"USC00417947","SAN ANTONIO INCARNATE WORD, TX US","2017-06-15","0.00","94","76","78"
"USC00417947","SAN ANTONIO INCARNATE WORD, TX US","2017-06-16","0.00","94","76","78"
"USC00417947","SAN ANTONIO INCARNATE WORD, TX US","2017-06-17","0.00","95","76","78"
"USC00417947","SAN ANTONIO INCARNATE WORD, TX US","2017-06-18","0.00","98","76","78"
"USC00417947","SAN ANTONIO INCARNATE WORD, TX US","2017-06-19","0.00","98","76","79"
"USC00417947","SAN ANTONIO INCARNATE WORD, TX US","2017-06-20","0.00","97","76","80"
"USC00417947","SAN ANTONIO INCARNATE WORD, TX US","2017-06-21","0.00","95","69","79"
"USC00417947","SAN ANTONIO INCARNATE WORD, TX US","2017-06-22","0.00","96","65","75"
"USC00417947","SAN ANTONIO INCARNATE WORD, TX US","2017-06-23","0.00","99","74","80"
"USC00417947","SAN ANTONIO INCARNATE WORD, TX US","2017-06-24",,"99","79",
"USC00417947","SAN ANTONIO INCARNATE WORD, TX US","2017-06-25",,"85","73",
"USC00417947","SAN ANTONIO INCARNATE WORD, TX US","2017-06-26",,"86","70","76"
"USC00417947","SAN ANTONIO INCARNATE WORD, TX US","2017-06-27","0.08","90","74","75"
"USC00417947","SAN ANTONIO INCARNATE WORD, TX US","2017-06-28","0.00","87","67","76"
"USC00417947","SAN ANTONIO INCARNATE WORD, TX US","2017-06-29","0.00","90","71","76"
"USC00417947","SAN ANTONIO INCARNATE WORD, TX US","2017-06-30","0.00","97","75","81"
"USC00417947","SAN ANTONIO INCARNATE WORD, TX US","2017-07-01","0.00","96","78","82"
"USC00417947","SAN ANTONIO INCARNATE WORD, TX US","2017-07-02","0.00","95","78","82"
"USC00417947","SAN ANTONIO INCARNATE WORD, TX US","2017-07-03","0.00","96","77","79"
"USC00417947","SAN ANTONIO INCARNATE WORD, TX US","2017-07-04","0.00","97","78","80"
"USC00417947","SAN ANTONIO INCARNATE WORD, TX US","2017-07-05","0.00","96","78","80"
"USC00417947","SAN ANTONIO INCARNATE WORD, TX US","2017-07-06","0.00","96","78","79"
"USC00417947","SAN ANTONIO INCARNATE WORD, TX US","2017-07-07","0.00","95","77","81"
"USC00417947","SAN ANTONIO INCARNATE WORD, TX US","2017-07-08","0.00","95","73","80"
"USC00417947","SAN ANTONIO INCARNATE WORD, TX US","2017-07-09","0.00","95","73","81"
"USC00417947","SAN ANTONIO INCARNATE WORD, TX US","2017-07-10","0.00","96","73","80"
"USC00417947","SAN ANTONIO INCARNATE WORD, TX US","2017-07-11","0.00","97","75","77"
"USC00417947","SAN ANTONIO INCARNATE WORD, TX US","2017-07-12","0.00","97","75","79"
"USC00417947","SAN ANTONIO INCARNATE WORD, TX US","2017-07-13","0.00","93","74","78"
"USC00417947","SAN ANTONIO INCARNATE WORD, TX US","2017-07-14","0.03","95","74","79"
"USC00417947","SAN ANTONIO INCARNATE WORD, TX US","2017-07-15","0.00","95","74","79"
"USC00417947","SAN ANTONIO INCARNATE WORD, TX US","2017-07-16","0.02","99","70","77"
"USC00417947","SAN ANTONIO INCARNATE WORD, TX US","2017-07-17","0.00","95","74","81"
"USC00417947","SAN ANTONIO INCARNATE WORD, TX US","2017-07-18","0.00","94","77","80"
"USC00417947","SAN ANTONIO INCARNATE WORD, TX US","2017-07-19","0.00","96","75","79"
"USC00417947","SAN ANTONIO INCARNATE WORD, TX US","2017-07-20","0.00","98","77","80"
"USC00417947","SAN ANTONIO INCARNATE WORD, TX US","2017-07-21","0.00","99","76","81"
"USC00417947","SAN ANTONIO INCARNATE WORD, TX US","2017-07-22","0.00","99","76","79"
"USC00417947","SAN ANTONIO INCARNATE WORD, TX US","2017-07-23","0.00","99","76","78"
"USC00417947","SAN ANTONIO INCARNATE WORD, TX US","2017-07-24","0.00","99","76","78"
"USC00417947","SAN ANTONIO INCARNATE WORD, TX US","2017-07-25","0.00","100","78","80"
"USC00417947","SAN ANTONIO INCARNATE WORD, TX US","2017-07-26","0.00","99","78","79"
"USC00417947","SAN ANTONIO INCARNATE WORD, TX US","2017-07-27","0.00","98","76","79"
"USC00417947","SAN ANTONIO INCARNATE WORD, TX US","2017-07-28","0.00","100","73","79"
"USC00417947","SAN ANTONIO INCARNATE WORD, TX US","2017-07-29","0.00","100","75","79"
"USC00417947","SAN ANTONIO INCARNATE WORD, TX US","2017-07-30","0.00","103","74","82"
"USC00417947","SAN ANTONIO INCARNATE WORD, TX US","2017-07-31","0.00","103","80","82"
"USC00417947","SAN ANTONIO INCARNATE WORD, TX US","2017-08-01","0.00","96","72","80"
"USC00417947","SAN ANTONIO INCARNATE WORD, TX US","2017-08-02","0.00","96","73","80"
"USC00417947","SAN ANTONIO INCARNATE WORD, TX US","2017-08-03","0.12","96","74","81"
"USC00417947","SAN ANTONIO INCARNATE WORD, TX US","2017-08-04","0.13","95","74","79"
"USC00417947","SAN ANTONIO INCARNATE WORD, TX US","2017-08-05","0.03","97","78","79"
"USC00417947","SAN ANTONIO INCARNATE WORD, TX US","2017-08-06","0.00","97","78","79"
"USC00417947","SAN ANTONIO INCARNATE WORD, TX US","2017-08-07","2.33","97","70","71"
"USC00417947","SAN ANTONIO INCARNATE WORD, TX US","2017-08-08","1.46","85","71",
"USC00417947","SAN ANTONIO INCARNATE WORD, TX US","2017-08-09","0.00","91","73","77"
"USC00417947","SAN ANTONIO INCARNATE WORD, TX US","2017-08-10","0.00","94","75",
"USC00417947","SAN ANTONIO INCARNATE WORD, TX US","2017-08-11","0.00","94","74",
"USC00417947","SAN ANTONIO INCARNATE WORD, TX US","2017-08-12","0.00","95","78","80"
"USC00417947","SAN ANTONIO INCARNATE WORD, TX US","2017-08-13","0.00","97","75",
"USC00417947","SAN ANTONIO INCARNATE WORD, TX US","2017-08-14","0.00","97","76",
"USC00417947","SAN ANTONIO INCARNATE WORD, TX US","2017-08-15","0.00","97","77",
"USC00417947","SAN ANTONIO INCARNATE WORD, TX US","2017-08-16","0.00","96","78",
"USC00417947","SAN ANTONIO INCARNATE WORD, TX US","2017-08-17","0.00","97","80","81"
"USC00417947","SAN ANTONIO INCARNATE WORD, TX US","2017-08-18","0.00","97","79","79"
"USC00417947","SAN ANTONIO INCARNATE WORD, TX US","2017-08-19","0.00","97","78","80"
"USC00417947","SAN ANTONIO INCARNATE WORD, TX US","2017-08-20","0.00","96","78","78"
"USC00417947","SAN ANTONIO INCARNATE WORD, TX US","2017-08-21","0.00","96","75","80"
"USC00417947","SAN ANTONIO INCARNATE WORD, TX US","2017-08-22","0.00","93","74","78"
"USC00417947","SAN ANTONIO INCARNATE WORD, TX US","2017-08-23","0.00","95","71","79"
"USC00417947","SAN ANTONIO INCARNATE WORD, TX US","2017-08-24","0.00","96","75","79"
"USC00417947","SAN ANTONIO INCARNATE WORD, TX US","2017-08-25","0.00","90","-99","77"
"USC00417947","SAN ANTONIO INCARNATE WORD, TX US","2017-08-26","0.34","86","73","73"
"USC00417947","SAN ANTONIO INCARNATE WORD, TX US","2017-08-27","1.77","75","72","72"
"USC00417947","SAN ANTONIO INCARNATE WORD, TX US","2017-08-28","0.26","75","72","74"
"USC00417947","SAN ANTONIO INCARNATE WORD, TX US","2017-08-29","0.00","85","71","74"
"USC00417947","SAN ANTONIO INCARNATE WORD, TX US","2017-08-30","0.00","85","71","72"
"USC00417947","SAN ANTONIO INCARNATE WORD, TX US","2017-08-31","0.00","90","61","67"
"USC00417947","SAN ANTONIO INCARNATE WORD, TX US","2017-09-01","0.00","90","61","70"
"USC00417947","SAN ANTONIO INCARNATE WORD, TX US","2017-09-02","0.00","92","64","71"
"USC00417947","SAN ANTONIO INCARNATE WORD, TX US","2017-09-03","0.00","91","65","71"
"USC00417947","SAN ANTONIO INCARNATE WORD, TX US","2017-09-04","0.00","90","66","72"
"USC00417947","SAN ANTONIO INCARNATE WORD, TX US","2017-09-05","0.00","90","71","76"
"USC00417947","SAN ANTONIO INCARNATE WORD, TX US","2017-09-06","0.00","90","71","72"
"USC00417947","SAN ANTONIO INCARNATE WORD, TX US","2017-09-07","0.00","83","56","66"
"USC00417947","SAN ANTONIO INCARNATE WORD, TX US","2017-09-08","0.00","82","54","61"
"USC00417947","SAN ANTONIO INCARNATE WORD, TX US","2017-09-09","0.00","84","57","63"
"USC00417947","SAN ANTONIO INCARNATE WORD, TX US","2017-09-10","0.00","85","58","65"
"USC00417947","SAN ANTONIO INCARNATE WORD, TX US","2017-09-11","0.00","84","56","63"
"USC00417947","SAN ANTONIO INCARNATE WORD, TX US","2017-09-12","0.00","85","57","63"
"USC00417947","SAN ANTONIO INCARNATE WORD, TX US","2017-09-13","0.00","85","54","63"
"USC00417947","SAN ANTONIO INCARNATE WORD, TX US","2017-09-14","0.00","95","63","75"
"USC00417947","SAN ANTONIO INCARNATE WORD, TX US","2017-09-15","0.00","95","73","74"
"USC00417947","SAN ANTONIO INCARNATE WORD, TX US","2017-09-16","0.00","95","73","80"
"USC00417947","SAN ANTONIO INCARNATE WORD, TX US","2017-09-17","0.00","97","74","77"
"USC00417947","SAN ANTONIO INCARNATE WORD, TX US","2017-09-18","0.00","92","76","79"
"USC00417947","SAN ANTONIO INCARNATE WORD, TX US","2017-09-19","0.00","94","78","79"
"USC00417947","SAN ANTONIO INCARNATE WORD, TX US","2017-09-20","0.00","94","78","79"
"USC00417947","SAN ANTONIO INCARNATE WORD, TX US","2017-09-21","0.00","96","79","79"
"USC00417947","SAN ANTONIO INCARNATE WORD, TX US","2017-09-22","0.00","93","74","78"
"USC00417947","SAN ANTONIO INCARNATE WORD, TX US","2017-09-23","0.00","92","73","73"
"USC00417947","SAN ANTONIO INCARNATE WORD, TX US","2017-09-24","0.00","91","73","76"
"USC00417947","SAN ANTONIO INCARNATE WORD, TX US","2017-09-25","0.17","91","73","75"
"USC00417947","SAN ANTONIO INCARNATE WORD, TX US","2017-09-26","0.67","86","73","74"
"USC00417947","SAN ANTONIO INCARNATE WORD, TX US","2017-09-27","1.34","77","70","71"
"USC00417947","SAN ANTONIO INCARNATE WORD, TX US","2017-09-28","0.60","80","71","72"
"USC00417947","SAN ANTONIO INCARNATE WORD, TX US","2017-09-29","0.20","77","71","72"
"USC00417947","SAN ANTONIO INCARNATE WORD, TX US","2017-09-30","0.05","76","66","68"
"USC00417947","SAN ANTONIO INCARNATE WORD, TX US","2017-10-01","0.00","76","67","68"
"USC00417947","SAN ANTONIO INCARNATE WORD, TX US","2017-10-02","0.00","86","61","70"
"USC00417947","SAN ANTONIO INCARNATE WORD, TX US","2017-10-03","0.00","86","70","75"
"USC00417947","SAN ANTONIO INCARNATE WORD, TX US","2017-10-04","0.23","85","75","76"
"USC00417947","SAN ANTONIO INCARNATE WORD, TX US","2017-10-05","0.11","86","68","74"
"USC00417947","SAN ANTONIO INCARNATE WORD, TX US","2017-10-06","0.00","86","67","70"
"USC00417947","SAN ANTONIO INCARNATE WORD, TX US","2017-10-07","0.01","86","64","70"
"USC00417947","SAN ANTONIO INCARNATE WORD, TX US","2017-10-08","0.00","86","68",
"USC00417947","SAN ANTONIO INCARNATE WORD, TX US","2017-10-09","0.00","90","70",
"USC00417947","SAN ANTONIO INCARNATE WORD, TX US","2017-10-10","0.00","90","62",
"USC00417947","SAN ANTONIO INCARNATE WORD, TX US","2017-10-11","0.00","74","60",
"USC00417947","SAN ANTONIO INCARNATE WORD, TX US","2017-10-12","0.00","77","57",
"USC00417947","SAN ANTONIO INCARNATE WORD, TX US","2017-10-13","0.00","85","60",
"USC00417947","SAN ANTONIO INCARNATE WORD, TX US","2017-10-14","0.00","88","72",
"USC00417947","SAN ANTONIO INCARNATE WORD, TX US","2017-10-15","0.00","89","72",
"USC00417947","SAN ANTONIO INCARNATE WORD, TX US","2017-10-16","0.00","78","59","60"
"USC00417947","SAN ANTONIO INCARNATE WORD, TX US","2017-10-17","0.00","77","42","50"
"USC00417947","SAN ANTONIO INCARNATE WORD, TX US","2017-10-18","0.00","78","43","46"
"USC00417947","SAN ANTONIO INCARNATE WORD, TX US","2017-10-19","0.00","81","46","61"
"USC00417947","SAN ANTONIO INCARNATE WORD, TX US","2017-10-20","0.00","83","60",
"USC00417947","SAN ANTONIO INCARNATE WORD, TX US","2017-10-21","0.00","79","67",
"USC00417947","SAN ANTONIO INCARNATE WORD, TX US","2017-10-22","0.00","88","72",
"USC00417947","SAN ANTONIO INCARNATE WORD, TX US","2017-10-23","0.13","80","46","51"
"USC00417947","SAN ANTONIO INCARNATE WORD, TX US","2017-10-24","0.00","82","49","59"
"USC00417947","SAN ANTONIO INCARNATE WORD, TX US","2017-10-25","0.00","77","38","46"
"USC00417947","SAN ANTONIO INCARNATE WORD, TX US","2017-10-26","0.00","80","42","44"
"USC00417947","SAN ANTONIO INCARNATE WORD, TX US","2017-10-27","0.00","84","44","58"
"USC00417947","SAN ANTONIO INCARNATE WORD, TX US","2017-10-28","0.00","65","35","40"
"USC00417947","SAN ANTONIO INCARNATE WORD, TX US","2017-10-29","0.00","64","30","32"
"USC00417947","SAN ANTONIO INCARNATE WORD, TX US","2017-10-30","0.00","75","32",
"USC00417947","SAN ANTONIO INCARNATE WORD, TX US","2017-10-31","0.03","80","41","59"
"USC00417947","SAN ANTONIO INCARNATE WORD, TX US","2017-11-01","0.24","80","41","59"
"USC00417947","SAN ANTONIO INCARNATE WORD, TX US","2017-11-02","0.00","81","59",
"USC00417947","SAN ANTONIO INCARNATE WORD, TX US","2017-11-03","0.00","85","71","73"
"USC00417947","SAN ANTONIO INCARNATE WORD, TX US","2017-11-04","0.00","86","72","73"
"USC00417947","SAN ANTONIO INCARNATE WORD, TX US","2017-11-05","0.00","90","69","75"
"USC00417947","SAN ANTONIO INCARNATE WORD, TX US","2017-11-06","0.00","88","68","74"
"USC00417947","SAN ANTONIO INCARNATE WORD, TX US","2017-11-07","0.00","88","68","71"
"USC00417947","SAN ANTONIO INCARNATE WORD, TX US","2017-11-08","0.00","72","46","49"
"USC00417947","SAN ANTONIO INCARNATE WORD, TX US","2017-11-09","0.00","61","48","52"
"USC00417947","SAN ANTONIO INCARNATE WORD, TX US","2017-11-10","0.00","62","48",
"USC00417947","SAN ANTONIO INCARNATE WORD, TX US","2017-11-11","0.11","68","53","62"
"USC00417947","SAN ANTONIO INCARNATE WORD, TX US","2017-11-12","0.10","75","57","66"
"USC00417947","SAN ANTONIO INCARNATE WORD, TX US","2017-11-13","0.22","70","65","68"
"USC00417947","SAN ANTONIO INCARNATE WORD, TX US","2017-11-14","0.02","78","64","65"
"USC00417947","SAN ANTONIO INCARNATE WORD, TX US","2017-11-15","0.00","78","64","68"
"USC00417947","SAN ANTONIO INCARNATE WORD, TX US","2017-11-16","0.00","79","66","70"
"USC00417947","SAN ANTONIO INCARNATE WORD, TX US","2017-11-17","0.00","84","67","71"
"USC00417947","SAN ANTONIO INCARNATE WORD, TX US","2017-11-18","0.00","85","69","70"
"USC00417947","SAN ANTONIO INCARNATE WORD, TX US","2017-11-19","0.00","85","44","64"
"USC00417947","SAN ANTONIO INCARNATE WORD, TX US","2017-11-20","0.00","64","39","40"
"USC00417947","SAN ANTONIO INCARNATE WORD, TX US","2017-11-21","0.00","69","37","49"
"USC00417947","SAN ANTONIO INCARNATE WORD, TX US","2017-11-22","0.00","74","47","54"
"USC00417947","SAN ANTONIO INCARNATE WORD, TX US","2017-11-23","0.00","67","31",
"USC00417947","SAN ANTONIO INCARNATE WORD, TX US","2017-11-24","0.00","71","30",
"USC00417947","SAN ANTONIO INCARNATE WORD, TX US","2017-11-25","0.00","76","35","53"
"USC00417947","SAN ANTONIO INCARNATE WORD, TX US","2017-11-26","0.00","83","40","55"
"USC00417947","SAN ANTONIO INCARNATE WORD, TX US","2017-11-27","0.00","77","48","54"
"USC00417947","SAN ANTONIO INCARNATE WORD, TX US","2017-11-28","0.00","78","46","54"
"USC00417947","SAN ANTONIO INCARNATE WORD, TX US","2017-11-29","0.00","80","47","60"
"USC00417947","SAN ANTONIO INCARNATE WORD, TX US","2017-11-30","0.00","74","44","54"
"USC00417947","SAN ANTONIO INCARNATE WORD, TX US","2017-12-01","0.00","74","44","54"
"USC00417947","SAN ANTONIO INCARNATE WORD, TX US","2017-12-02",,"78","47",
"USC00417947","SAN ANTONIO INCARNATE WORD, TX US","2017-12-03",,"78","65",
"USC00417947","SAN ANTONIO INCARNATE WORD, TX US","2017-12-04",,"84","67",
"USC00417947","SAN ANTONIO INCARNATE WORD, TX US","2017-12-05",,"70","45",
"USC00417947","SAN ANTONIO INCARNATE WORD, TX US","2017-12-06",,"70","42","42"
"USC00417947","SAN ANTONIO INCARNATE WORD, TX US","2017-12-07",,"45","37",
"USC00417947","SAN ANTONIO INCARNATE WORD, TX US","2017-12-08","0.58","42","32","36"
"USC00417947","SAN ANTONIO INCARNATE WORD, TX US","2017-12-09","0.00","55","29","38"
"USC00417947","SAN ANTONIO INCARNATE WORD, TX US","2017-12-10","0.00","68","29","35"
"USC00417947","SAN ANTONIO INCARNATE WORD, TX US","2017-12-11","0.00","67","29","30"
"USC00417947","SAN ANTONIO INCARNATE WORD, TX US","2017-12-12","0.00","73","30","52"
"USC00417947","SAN ANTONIO INCARNATE WORD, TX US","2017-12-13","0.00","65","32","36"
"USC00417947","SAN ANTONIO INCARNATE WORD, TX US","2017-12-14","0.00","60","31","43"
"USC00417947","SAN ANTONIO INCARNATE WORD, TX US","2017-12-15","0.02","63","38",
"USC00417947","SAN ANTONIO INCARNATE WORD, TX US","2017-12-16","0.00","58","43","47"
"USC00417947","SAN ANTONIO INCARNATE WORD, TX US","2017-12-17","1.19","50","44","47"
"USC00417947","SAN ANTONIO INCARNATE WORD, TX US","2017-12-18","0.02","55","46","51"
"USC00417947","SAN ANTONIO INCARNATE WORD, TX US","2017-12-19","0.57","61","50","61"
"USC00417947","SAN ANTONIO INCARNATE WORD, TX US","2017-12-20","0.08","66","54","54"
"USC00417947","SAN ANTONIO INCARNATE WORD, TX US","2017-12-21","0.00","72","41",
"USC00417947","SAN ANTONIO INCARNATE WORD, TX US","2017-12-22","0.00","78","39","69"
"USC00417947","SAN ANTONIO INCARNATE WORD, TX US","2017-12-23","0.00","76","42","45"
"USC00417947","SAN ANTONIO INCARNATE WORD, TX US","2017-12-24","0.00","59","34","40"
"USC00417947","SAN ANTONIO INCARNATE WORD, TX US","2017-12-25","0.00","69","33",
"USC00417947","SAN ANTONIO INCARNATE WORD, TX US","2017-12-26","0.00","52","36",
"USC00417947","SAN ANTONIO INCARNATE WORD, TX US","2017-12-27","0.00","52","41","41"
"USC00417947","SAN ANTONIO INCARNATE WORD, TX US","2017-12-28","0.00","41","37","38"
"USC00417947","SAN ANTONIO INCARNATE WORD, TX US","2017-12-29","0.00","49","37","43"
"USC00417947","SAN ANTONIO INCARNATE WORD, TX US","2017-12-30","0.00","52","42","52"
"USC00417947","SAN ANTONIO INCARNATE WORD, TX US","2017-12-31","0.00","65","48",
"USC00417947","SAN ANTONIO INCARNATE WORD, TX US","2018-01-01","0.00","48","27","27"
"USC00417947","SAN ANTONIO INCARNATE WORD, TX US","2018-01-02","0.00","31","26","30"
"USC00417947","SAN ANTONIO INCARNATE WORD, TX US","2018-01-03","0.00","35","20","28"
"USC00417947","SAN ANTONIO INCARNATE WORD, TX US","2018-01-04","0.00","57","18","34"
"USC00417947","SAN ANTONIO INCARNATE WORD, TX US","2018-01-05","0.08","57","25","49"
"USC00417947","SAN ANTONIO INCARNATE WORD, TX US","2018-01-06","0.00","61","36",
"USC00417947","SAN ANTONIO INCARNATE WORD, TX US","2018-01-07","0.00","64","37",
"USC00417947","SAN ANTONIO INCARNATE WORD, TX US","2018-01-08","0.00","67","51",
"USC00417947","SAN ANTONIO INCARNATE WORD, TX US","2018-01-09","0.00","71","35","43"
"USC00417947","SAN ANTONIO INCARNATE WORD, TX US","2018-01-10","0.00","70","32",
"USC00417947","SAN ANTONIO INCARNATE WORD, TX US","2018-01-11","0.00","71","47",
"USC00417947","SAN ANTONIO INCARNATE WORD, TX US","2018-01-12","0.00","73","41",
"USC00417947","SAN ANTONIO INCARNATE WORD, TX US","2018-01-13","0.00","63","36","39"
"USC00417947","SAN ANTONIO INCARNATE WORD, TX US","2018-01-14","0.00","57","27","29"
"USC00417947","SAN ANTONIO INCARNATE WORD, TX US","2018-01-15","0.00","63","25","40"
"USC00417947","SAN ANTONIO INCARNATE WORD, TX US","2018-01-16",,"69","32",
"USC00417947","SAN ANTONIO INCARNATE WORD, TX US","2018-01-17",,"32","27","28"
"USC00417947","SAN ANTONIO INCARNATE WORD, TX US","2018-01-18","0.00","36","24","36"
"USC00417947","SAN ANTONIO INCARNATE WORD, TX US","2018-01-19","0.00","46","34","40"
"USC00417947","SAN ANTONIO INCARNATE WORD, TX US","2018-01-20","0.12","50","40","50"
"USC00417947","SAN ANTONIO INCARNATE WORD, TX US","2018-01-21","0.03","63","49","63"
"USC00417947","SAN ANTONIO INCARNATE WORD, TX US","2018-01-22","0.00","72","43",
"USC00417947","SAN ANTONIO INCARNATE WORD, TX US","2018-01-23","0.00","66","29",
"USC00417947","SAN ANTONIO INCARNATE WORD, TX US","2018-01-24","0.00","64","28","34"
"USC00417947","SAN ANTONIO INCARNATE WORD, TX US","2018-01-25","0.00","63","27","34"
"USC00417947","SAN ANTONIO INCARNATE WORD, TX US","2018-01-26","0.03","60","27","52"
"USC00417947","SAN ANTONIO INCARNATE WORD, TX US","2018-01-27","0.14","65","51","65"
"USC00417947","SAN ANTONIO INCARNATE WORD, TX US","2018-01-28",,"69","54",
"USC00417947","SAN ANTONIO INCARNATE WORD, TX US","2018-01-29",,"69","34","38"
"USC00417947","SAN ANTONIO INCARNATE WORD, TX US","2018-01-30","0.00","69","35","46"
"USC00417947","SAN ANTONIO INCARNATE WORD, TX US","2018-01-31","0.00","66","31",
"USC00417947","SAN ANTONIO INCARNATE WORD, TX US","2018-02-01","0.00","71","41","50"
"USC00417947","SAN ANTONIO INCARNATE WORD, TX US","2018-02-02","0.00","78","45","48"
"USC00417947","SAN ANTONIO INCARNATE WORD, TX US","2018-02-03","0.01","59","47","49"
"USC00417947","SAN ANTONIO INCARNATE WORD, TX US","2018-02-04","0.00","57","41","53"
"USC00417947","SAN ANTONIO INCARNATE WORD, TX US","2018-02-05","0.00","81","38","46"
"USC00417947","SAN ANTONIO INCARNATE WORD, TX US","2018-02-06",,"62","46",
"USC00417947","SAN ANTONIO INCARNATE WORD, TX US","2018-02-07","0.14","57","40","40"
"USC00417947","SAN ANTONIO INCARNATE WORD, TX US","2018-02-08","0.02","49","33","35"
"USC00417947","SAN ANTONIO INCARNATE WORD, TX US","2018-02-09","0.00","57","35","51"
"USC00417947","SAN ANTONIO INCARNATE WORD, TX US","2018-02-10",,"57","50",
"USC00417947","SAN ANTONIO INCARNATE WORD, TX US","2018-02-11",,"64","42",
"USC00417947","SAN ANTONIO INCARNATE WORD, TX US","2018-02-12","0.08","44","28","35"
"USC00417947","SAN ANTONIO INCARNATE WORD, TX US","2018-02-13","0.02","51","28","42"
"USC00417947","SAN ANTONIO INCARNATE WORD, TX US","2018-02-14","0.12","52","41","52"
"USC00417947","SAN ANTONIO INCARNATE WORD, TX US","2018-02-15",,"75","52",
"USC00417947","SAN ANTONIO INCARNATE WORD, TX US","2018-02-16","0.06","65","63","64"
"USC00417947","SAN ANTONIO INCARNATE WORD, TX US","2018-02-17","0.01","77","58","65"
"USC00417947","SAN ANTONIO INCARNATE WORD, TX US","2018-02-18","0.03","67","54","54"
"USC00417947","SAN ANTONIO INCARNATE WORD, TX US","2018-02-19",,"78","53",
"USC00417947","SAN ANTONIO INCARNATE WORD, TX US","2018-02-20","0.05","80","68","69"
"USC00417947","SAN ANTONIO INCARNATE WORD, TX US","2018-02-21","0.09","69","49","50"
"USC00417947","SAN ANTONIO INCARNATE WORD, TX US","2018-02-22","0.11","67","41","41"
"USC00417947","SAN ANTONIO INCARNATE WORD, TX US","2018-02-23",,"69","41",
"USC00417947","SAN ANTONIO INCARNATE WORD, TX US","2018-02-24",,"70","50","69"
"USC00417947","SAN ANTONIO INCARNATE WORD, TX US","2018-02-25",,"70","44",
"USC00417947","SAN ANTONIO INCARNATE WORD, TX US","2018-02-26","0.03","74","43","54"
"USC00417947","SAN ANTONIO INCARNATE WORD, TX US","2018-02-27","0.04","80","54","66"
"USC00417947","SAN ANTONIO INCARNATE WORD, TX US","2018-02-28","0.01","68","66","68"
"USC00417947","SAN ANTONIO INCARNATE WORD, TX US","2018-03-01","0.00","75","52","63"
"USC00417947","SAN ANTONIO INCARNATE WORD, TX US","2018-03-02","0.00","63","51","56"
"USC00417947","SAN ANTONIO INCARNATE WORD, TX US","2018-03-03",,"69","56",
"USC00417947","SAN ANTONIO INCARNATE WORD, TX US","2018-03-04",,"80","65",
"USC00417947","SAN ANTONIO INCARNATE WORD, TX US","2018-03-05","0.05","80","59","69"
"USC00417947","SAN ANTONIO INCARNATE WORD, TX US","2018-03-06","0.00","73","49",
"USC00417947","SAN ANTONIO INCARNATE WORD, TX US","2018-03-07","0.00","67","47","51"
"USC00417947","SAN ANTONIO INCARNATE WORD, TX US","2018-03-08","0.00","68","45","52"
"USC00417947","SAN ANTONIO INCARNATE WORD, TX US","2018-03-09","0.00","69","46","60"
"USC00417947","SAN ANTONIO INCARNATE WORD, TX US","2018-03-10","0.00","71","50","67"
"USC00417947","SAN ANTONIO INCARNATE WORD, TX US","2018-03-11","0.00","89","61","66"
"USC00417947","SAN ANTONIO INCARNATE WORD, TX US","2018-03-12","0.00","69","51","51"
"USC00417947","SAN ANTONIO INCARNATE WORD, TX US","2018-03-13","0.00","66","44",
"USC00417947","SAN ANTONIO INCARNATE WORD, TX US","2018-03-14","0.00","68","41","46"
"USC00417947","SAN ANTONIO INCARNATE WORD, TX US","2018-03-15","0.00","69","46","49"
"USC00417947","SAN ANTONIO INCARNATE WORD, TX US","2018-03-16","0.01","70","48","65"
"USC00417947","SAN ANTONIO INCARNATE WORD, TX US","2018-03-17","0.00","86","65","69"
"USC00417947","SAN ANTONIO INCARNATE WORD, TX US","2018-03-18","0.08","87","68","71"
"USC00417947","SAN ANTONIO INCARNATE WORD, TX US","2018-03-19",,"85","67",
"USC00417947","SAN ANTONIO INCARNATE WORD, TX US","2018-03-20",,"84","53",
"USC00417947","SAN ANTONIO INCARNATE WORD, TX US","2018-03-21",,"77","41",
"USC00417947","SAN ANTONIO INCARNATE WORD, TX US","2018-03-22",,"77","39",
"USC00417947","SAN ANTONIO INCARNATE WORD, TX US","2018-03-23",,"79","50",
"USC00417947","SAN ANTONIO INCARNATE WORD, TX US","2018-03-24",,"80","62",
"USC00417947","SAN ANTONIO INCARNATE WORD, TX US","2018-03-25",,"80","68",
"USC00417947","SAN ANTONIO INCARNATE WORD, TX US","2018-03-26",,"79","68",
"USC00417947","SAN ANTONIO INCARNATE WORD, TX US","2018-03-27",,"85","68",
"USC00417947","SAN ANTONIO INCARNATE WORD, TX US","2018-03-28",,"80","61","63"
"USC00417947","SAN ANTONIO INCARNATE WORD, TX US","2018-03-29","0.96","72","56","60"
"USC00417947","SAN ANTONIO INCARNATE WORD, TX US","2018-03-30","0.00","81","54",
"USC00417947","SAN ANTONIO INCARNATE WORD, TX US","2018-03-31","0.00","73","58",
"USC00417947","SAN ANTONIO INCARNATE WORD, TX US","2018-04-01","0.00","81","63",
"USC00417947","SAN ANTONIO INCARNATE WORD, TX US","2018-04-02","0.00","83","64",
"USC00417947","SAN ANTONIO INCARNATE WORD, TX US","2018-04-03","0.00","84","67","70"
"USC00417947","SAN ANTONIO INCARNATE WORD, TX US","2018-04-04","0.47","82","54","54"
"USC00417947","SAN ANTONIO INCARNATE WORD, TX US","2018-04-05","0.00","69","52",
"USC00417947","SAN ANTONIO INCARNATE WORD, TX US","2018-04-06","0.00","76","59",
"USC00417947","SAN ANTONIO INCARNATE WORD, TX US","2018-04-07","0.00","84","60",
"USC00417947","SAN ANTONIO INCARNATE WORD, TX US","2018-04-08","0.00","60","43",
"USC00417947","SAN ANTONIO INCARNATE WORD, TX US","2018-04-09","0.00","70","43",
"USC00417947","SAN ANTONIO INCARNATE WORD, TX US","2018-04-10","0.00","66","55",
"USC00417947","SAN ANTONIO INCARNATE WORD, TX US","2018-04-11","0.00","75","46",
"USC00417947","SAN ANTONIO INCARNATE WORD, TX US","2018-04-12","0.00","81","45",
"USC00417947","SAN ANTONIO INCARNATE WORD, TX US","2018-04-13","0.00","86","64",
"USC00417947","SAN ANTONIO INCARNATE WORD, TX US","2018-04-14","0.19","87","56","57"
"USC00417947","SAN ANTONIO INCARNATE WORD, TX US","2018-04-15","0.00","71","38",
"USC00417947","SAN ANTONIO INCARNATE WORD, TX US","2018-04-16","0.00","76","37",
"USC00417947","SAN ANTONIO INCARNATE WORD, TX US","2018-04-17","0.00","83","43",
"USC00417947","SAN ANTONIO INCARNATE WORD, TX US","2018-04-18","0.00","85","53",
"USC00417947","SAN ANTONIO INCARNATE WORD, TX US","2018-04-19","0.00","80","59",
"USC00417947","SAN ANTONIO INCARNATE WORD, TX US","2018-04-20","0.00","76","60",
"USC00417947","SAN ANTONIO INCARNATE WORD, TX US","2018-04-21","0.00","64","58",
"USC00417947","SAN ANTONIO INCARNATE WORD, TX US","2018-04-22","0.04","78","56","57"
"USC00417947","SAN ANTONIO INCARNATE WORD, TX US","2018-04-23","0.00","79","50",
"USC00417947","SAN ANTONIO INCARNATE WORD, TX US","2018-04-24","0.00","82","50",
"USC00417947","SAN ANTONIO INCARNATE WORD, TX US","2018-04-25","0.00","85","52",
"USC00417947","SAN ANTONIO INCARNATE WORD, TX US","2018-04-26","0.43","83","56","58"
"USC00417947","SAN ANTONIO INCARNATE WORD, TX US","2018-04-27","0.00","75","53",
"USC00417947","SAN ANTONIO INCARNATE WORD, TX US","2018-04-28","0.00","77",,
"USC00417947","SAN ANTONIO INCARNATE WORD, TX US","2018-04-29","0.00","81","54",
"USC00417947","SAN ANTONIO INCARNATE WORD, TX US","2018-04-30","0.00","79","54",
"USC00417947","SAN ANTONIO INCARNATE WORD, TX US","2018-05-01","0.00","77","67","70"
"USC00417947","SAN ANTONIO INCARNATE WORD, TX US","2018-05-02","0.00","82","70",
"USC00417947","SAN ANTONIO INCARNATE WORD, TX US","2018-05-03","0.00","86","73","74"
"USC00417947","SAN ANTONIO INCARNATE WORD, TX US","2018-05-04","0.00","89","73",
"USC00417947","SAN ANTONIO INCARNATE WORD, TX US","2018-05-05","0.20","75","64","67"
"USC00417947","SAN ANTONIO INCARNATE WORD, TX US","2018-05-06","0.00","84","54",
"USC00417947","SAN ANTONIO INCARNATE WORD, TX US","2018-05-07","0.00","88","53",
"USC00417947","SAN ANTONIO INCARNATE WORD, TX US","2018-05-08","0.00","89","54",
"USC00417947","SAN ANTONIO INCARNATE WORD, TX US","2018-05-09","0.00","88","61",
"USC00417947","SAN ANTONIO INCARNATE WORD, TX US","2018-05-10","0.00","87","61",
"USC00417947","SAN ANTONIO INCARNATE WORD, TX US","2018-05-11","0.00","88","67",
"USC00417947","SAN ANTONIO INCARNATE WORD, TX US","2018-05-12","0.00","89","69",
"USC00417947","SAN ANTONIO INCARNATE WORD, TX US","2018-05-13","0.00","90","70",
"USC00417947","SAN ANTONIO INCARNATE WORD, TX US","2018-05-14","0.00","91","74",
"USC00417947","SAN ANTONIO INCARNATE WORD, TX US","2018-05-15","0.00","90","73",
"USC00417947","SAN ANTONIO INCARNATE WORD, TX US","2018-05-16","0.00","90","71",
"USC00417947","SAN ANTONIO INCARNATE WORD, TX US","2018-05-17","0.00","94","67",
"USC00417947","SAN ANTONIO INCARNATE WORD, TX US","2018-05-18","0.00","95","65",
"USC00417947","SAN ANTONIO INCARNATE WORD, TX US","2018-05-19","0.00","96","69",
"USC00417947","SAN ANTONIO INCARNATE WORD, TX US","2018-05-20","0.31","92","72",
"USC00417947","SAN ANTONIO INCARNATE WORD, TX US","2018-05-21","0.00","85","66",
"USC00417947","SAN ANTONIO INCARNATE WORD, TX US","2018-05-22","0.00","87","66",
"USC00417947","SAN ANTONIO INCARNATE WORD, TX US","2018-05-23","0.00","89","72",
"USC00417947","SAN ANTONIO INCARNATE WORD, TX US","2018-05-24","0.00","90","73",
"USC00417947","SAN ANTONIO INCARNATE WORD, TX US","2018-05-25","0.00","92","72",
"USC00417947","SAN ANTONIO INCARNATE WORD, TX US","2018-05-26","0.00","93","70",
"USC00417947","SAN ANTONIO INCARNATE WORD, TX US","2018-05-27","0.00","97","69",
"USC00417947","SAN ANTONIO INCARNATE WORD, TX US","2018-05-28","0.00","96","71",
"USC00417947","SAN ANTONIO INCARNATE WORD, TX US","2018-05-29","0.00","96","70",
"USC00417947","SAN ANTONIO INCARNATE WORD, TX US","2018-05-30","0.00","96","70",
"USC00417947","SAN ANTONIO INCARNATE WORD, TX US","2018-05-31","0.00","93","73",
"USC00417947","SAN ANTONIO INCARNATE WORD, TX US","2018-06-01","0.00","98","75","77"
"USC00417947","SAN ANTONIO INCARNATE WORD, TX US","2018-06-02","0.00","103","75","79"
"USC00417947","SAN ANTONIO INCARNATE WORD, TX US","2018-06-03","0.00","100","76","80"
"USC00417947","SAN ANTONIO INCARNATE WORD, TX US","2018-06-04","0.00","97","75",
"USC00417947","SAN ANTONIO INCARNATE WORD, TX US","2018-06-05","0.00","95","77","80"
"USC00417947","SAN ANTONIO INCARNATE WORD, TX US","2018-06-06","0.00","100","74","78"
"USC00417947","SAN ANTONIO INCARNATE WORD, TX US","2018-06-07","0.00","99","77","81"
"USC00417947","SAN ANTONIO INCARNATE WORD, TX US","2018-06-08","0.00","97","79","83"
"USC00417947","SAN ANTONIO INCARNATE WORD, TX US","2018-06-09","0.00","97","75","77"
"USC00417947","SAN ANTONIO INCARNATE WORD, TX US","2018-06-10","0.00","97","76","83"
"USC00417947","SAN ANTONIO INCARNATE WORD, TX US","2018-06-11","0.00","98","76","80"
"USC00417947","SAN ANTONIO INCARNATE WORD, TX US","2018-06-12","0.00","97","77","80"
"USC00417947","SAN ANTONIO INCARNATE WORD, TX US","2018-06-13","0.00","99","78",
"USC00417947","SAN ANTONIO INCARNATE WORD, TX US","2018-06-14","0.00","95","76",
"USC00417947","SAN ANTONIO INCARNATE WORD, TX US","2018-06-15","0.00","96","74","79"
"USC00417947","SAN ANTONIO INCARNATE WORD, TX US","2018-06-16","0.00","95","75","79"
"USC00417947","SAN ANTONIO INCARNATE WORD, TX US","2018-06-17","0.00","94","75","77"
"USC00417947","SAN ANTONIO INCARNATE WORD, TX US","2018-06-18","0.15","96","74","76"
"USC00417947","SAN ANTONIO INCARNATE WORD, TX US","2018-06-19","0.19","92","73","75"
"USC00417947","SAN ANTONIO INCARNATE WORD, TX US","2018-06-20","0.20","80","73","77"
"USC00417947","SAN ANTONIO INCARNATE WORD, TX US","2018-06-21","0.01","84","73","74"
"USC00417947","SAN ANTONIO INCARNATE WORD, TX US","2018-06-22","0.00","91","73","78"
"USC00417947","SAN ANTONIO INCARNATE WORD, TX US","2018-06-23","0.00","91","76",
"USC00417947","SAN ANTONIO INCARNATE WORD, TX US","2018-06-24","0.00","97","75",
"USC00417947","SAN ANTONIO INCARNATE WORD, TX US","2018-06-25","0.00","96","77",
"USC00417947","SAN ANTONIO INCARNATE WORD, TX US","2018-06-26","0.00","93","77",
"USC00417947","SAN ANTONIO INCARNATE WORD, TX US","2018-06-27","0.00","96","76",
"USC00417947","SAN ANTONIO INCARNATE WORD, TX US","2018-06-28","0.00","99","76",
"USC00417947","SAN ANTONIO INCARNATE WORD, TX US","2018-06-29","0.00","97","76",
"USC00417947","SAN ANTONIO INCARNATE WORD, TX US","2018-06-30","0.00","98","77",
"USC00417947","SAN ANTONIO INCARNATE WORD, TX US","2018-07-01","0.00","98","77",
"USC00417947","SAN ANTONIO INCARNATE WORD, TX US","2018-07-02","0.00","101","77","78"
"USC00417947","SAN ANTONIO INCARNATE WORD, TX US","2018-07-03","0.00","98","76",
"USC00417947","SAN ANTONIO INCARNATE WORD, TX US","2018-07-04","0.00","101","76",
"USC00417947","SAN ANTONIO INCARNATE WORD, TX US","2018-07-05","2.25","98","72","72"
"USC00417947","SAN ANTONIO INCARNATE WORD, TX US","2018-07-06","0.00","90","71",
"USC00417947","SAN ANTONIO INCARNATE WORD, TX US","2018-07-07","0.39","94","72","75"
"USC00417947","SAN ANTONIO INCARNATE WORD, TX US","2018-07-08","0.12","92","71","73"
"USC00417947","SAN ANTONIO INCARNATE WORD, TX US","2018-07-09","0.07","91","72","77"
"USC00417947","SAN ANTONIO INCARNATE WORD, TX US","2018-07-10","0.35","81","72","76"
"USC00417947","SAN ANTONIO INCARNATE WORD, TX US","2018-07-11","0.00","92","72",
"USC00417947","SAN ANTONIO INCARNATE WORD, TX US","2018-07-12","0.00","93","72",
"USC00417947","SAN ANTONIO INCARNATE WORD, TX US","2018-07-13","0.00","95","75",
"USC00417947","SAN ANTONIO INCARNATE WORD, TX US","2018-07-14","0.00","94","77",
"USC00417947","SAN ANTONIO INCARNATE WORD, TX US","2018-07-15","0.00","95","77",
"USC00417947","SAN ANTONIO INCARNATE WORD, TX US","2018-07-16","0.00","94","77",
"USC00417947","SAN ANTONIO INCARNATE WORD, TX US","2018-07-17","0.00","97","76",
"USC00417947","SAN ANTONIO INCARNATE WORD, TX US","2018-07-18","0.00","97","76",
"USC00417947","SAN ANTONIO INCARNATE WORD, TX US","2018-07-19","0.00","100","76",
"USC00417947","SAN ANTONIO INCARNATE WORD, TX US","2018-07-20","0.00","101","75",
"USC00417947","SAN ANTONIO INCARNATE WORD, TX US","2018-07-21","0.00","101","75",
"USC00417947","SAN ANTONIO INCARNATE WORD, TX US","2018-07-22","0.00","100","75",
"USC00417947","SAN ANTONIO INCARNATE WORD, TX US","2018-07-23","0.00","102","75",
"USC00417947","SAN ANTONIO INCARNATE WORD, TX US","2018-07-24","0.00","105","74",
"USC00417947","SAN ANTONIO INCARNATE WORD, TX US","2018-07-25","0.00","101","74",
"USC00417947","SAN ANTONIO INCARNATE WORD, TX US","2018-07-26","0.00","98","71",
"USC00417947","SAN ANTONIO INCARNATE WORD, TX US","2018-07-27","0.00","97","69",
"USC00417947","SAN ANTONIO INCARNATE WORD, TX US","2018-07-28","0.00","97","67",
"USC00417947","SAN ANTONIO INCARNATE WORD, TX US","2018-07-29","0.00","98","75",
"USC00417947","SAN ANTONIO INCARNATE WORD, TX US","2018-07-30","0.00","101","78",
"USC00417947","SAN ANTONIO INCARNATE WORD, TX US","2018-07-31","0.00","100","78",
"USC00417947","SAN ANTONIO INCARNATE WORD, TX US","2018-08-01","0.12","92","69","74"
"USC00417947","SAN ANTONIO INCARNATE WORD, TX US","2018-08-02","0.00","98","66",
"USC00417947","SAN ANTONIO INCARNATE WORD, TX US","2018-08-03","0.00","95","65",
"USC00417947","SAN ANTONIO INCARNATE WORD, TX US","2018-08-04","0.00","96","68",
"USC00417947","SAN ANTONIO INCARNATE WORD, TX US","2018-08-05","0.00","97","72",
"USC00417947","SAN ANTONIO INCARNATE WORD, TX US","2018-08-06","0.00","92","71",
"USC00417947","SAN ANTONIO INCARNATE WORD, TX US","2018-08-07","0.00","96","72",
"USC00417947","SAN ANTONIO INCARNATE WORD, TX US","2018-08-08","0.00","96","76",
"USC00417947","SAN ANTONIO INCARNATE WORD, TX US","2018-08-09","0.00","98","75",
"USC00417947","SAN ANTONIO INCARNATE WORD, TX US","2018-08-10","0.00","99","75",
"USC00417947","SAN ANTONIO INCARNATE WORD, TX US","2018-08-11","0.20","96","75","76"
"USC00417947","SAN ANTONIO INCARNATE WORD, TX US","2018-08-12","0.00","89","74",
"USC00417947","SAN ANTONIO INCARNATE WORD, TX US","2018-08-13","0.76","84","72","77"
"USC00417947","SAN ANTONIO INCARNATE WORD, TX US","2018-08-14","0.00","95","76",
"USC00417947","SAN ANTONIO INCARNATE WORD, TX US","2018-08-15","0.00","97","76",
"USC00417947","SAN ANTONIO INCARNATE WORD, TX US","2018-08-16","0.00","97","77",
"USC00417947","SAN ANTONIO INCARNATE WORD, TX US","2018-08-17","0.00","99","77",
"USC00417947","SAN ANTONIO INCARNATE WORD, TX US","2018-08-18","0.00","99","75",
"USC00417947","SAN ANTONIO INCARNATE WORD, TX US","2018-08-19","0.00","99","76",
"USC00417947","SAN ANTONIO INCARNATE WORD, TX US","2018-08-20","0.00","99","75",
"USC00417947","SAN ANTONIO INCARNATE WORD, TX US","2018-08-21","0.00","99","78",
"USC00417947","SAN ANTONIO INCARNATE WORD, TX US","2018-08-22","0.00","100","74",
"USC00417947","SAN ANTONIO INCARNATE WORD, TX US","2018-08-23","0.00","100","76",
"USC00417947","SAN ANTONIO INCARNATE WORD, TX US","2018-08-24","0.00","99","72",
"USC00417947","SAN ANTONIO INCARNATE WORD, TX US","2018-08-25","0.00","99","77",
"USC00417947","SAN ANTONIO INCARNATE WORD, TX US","2018-08-26","0.00","99","77",
"USC00417947","SAN ANTONIO INCARNATE WORD, TX US","2018-08-27","0.00","98","78",
"USC00417947","SAN ANTONIO INCARNATE WORD, TX US","2018-08-28","0.00","99","78",
"USC00417947","SAN ANTONIO INCARNATE WORD, TX US","2018-08-29","0.00","100","79",
"USC00417947","SAN ANTONIO INCARNATE WORD, TX US","2018-08-30","0.00","99","77",
"USC00417947","SAN ANTONIO INCARNATE WORD, TX US","2018-08-31","0.00","98","75",
"USC00417947","SAN ANTONIO INCARNATE WORD, TX US","2018-09-01","0.00","95","74","80"
"USC00417947","SAN ANTONIO INCARNATE WORD, TX US","2018-09-02","0.00","97","72",
"USC00417947","SAN ANTONIO INCARNATE WORD, TX US","2018-09-03","0.00","97","76",
"USC00417947","SAN ANTONIO INCARNATE WORD, TX US","2018-09-04","5.10","96","69","73"
"USC00417947","SAN ANTONIO INCARNATE WORD, TX US","2018-09-05","0.34","86","73","77"
"USC00417947","SAN ANTONIO INCARNATE WORD, TX US","2018-09-06","0.01","93","75","76"
"USC00417947","SAN ANTONIO INCARNATE WORD, TX US","2018-09-07","0.47","89","74","76"
"USC00417947","SAN ANTONIO INCARNATE WORD, TX US","2018-09-08","0.00","91","74",
"USC00417947","SAN ANTONIO INCARNATE WORD, TX US","2018-09-09","1.90","89","73","74"
"USC00417947","SAN ANTONIO INCARNATE WORD, TX US","2018-09-10","0.99","82","71","71"
"USC00417947","SAN ANTONIO INCARNATE WORD, TX US","2018-09-11","1.36","73","70","71"
"USC00417947","SAN ANTONIO INCARNATE WORD, TX US","2018-09-12","0.79","84","71","73"
"USC00417947","SAN ANTONIO INCARNATE WORD, TX US","2018-09-13","0.00","88","73","75"
"USC00417947","SAN ANTONIO INCARNATE WORD, TX US","2018-09-14","0.21","87","73","75"
"USC00417947","SAN ANTONIO INCARNATE WORD, TX US","2018-09-15","1.16","85","73","73"
"USC00417947","SAN ANTONIO INCARNATE WORD, TX US","2018-09-16","0.68","79","73","74"
"USC00417947","SAN ANTONIO INCARNATE WORD, TX US","2018-09-17","0.63","82","68","74"
"USC00417947","SAN ANTONIO INCARNATE WORD, TX US","2018-09-18","0.01","90","68","75"
"USC00417947","SAN ANTONIO INCARNATE WORD, TX US","2018-09-19","0.00","90","74","76"
"USC00417947","SAN ANTONIO INCARNATE WORD, TX US","2018-09-20","0.25","89","76","76"
"USC00417947","SAN ANTONIO INCARNATE WORD, TX US","2018-09-21","0.10","87","75","79"
"USC00417947","SAN ANTONIO INCARNATE WORD, TX US","2018-09-22","0.94","87","72","72"
"USC00417947","SAN ANTONIO INCARNATE WORD, TX US","2018-09-23","0.00","75","64",
"USC00417947","SAN ANTONIO INCARNATE WORD, TX US","2018-09-24","0.00","78","65",
"USC00417947","SAN ANTONIO INCARNATE WORD, TX US","2018-09-25","0.00","87","69",
"USC00417947","SAN ANTONIO INCARNATE WORD, TX US","2018-09-26","0.00","92","76","77"
"USC00417947","SAN ANTONIO INCARNATE WORD, TX US","2018-09-27","0.00","89","66","67"
"USC00417947","SAN ANTONIO INCARNATE WORD, TX US","2018-09-28","0.00","80","62",
"USC00417947","SAN ANTONIO INCARNATE WORD, TX US","2018-09-29","0.00","82","62",
"USC00417947","SAN ANTONIO INCARNATE WORD, TX US","2018-09-30","0.06","79","69","72"
"USC00417947","SAN ANTONIO INCARNATE WORD, TX US","2018-10-01","0.01","84","70","73"
"USC00417947","SAN ANTONIO INCARNATE WORD, TX US","2018-10-02","0.04","86","70","74"
"USC00417947","SAN ANTONIO INCARNATE WORD, TX US","2018-10-03","0.04","86","74","76"
"USC00417947","SAN ANTONIO INCARNATE WORD, TX US","2018-10-04","0.00","88","74",
"USC00417947","SAN ANTONIO INCARNATE WORD, TX US","2018-10-05","0.00","88","75",
"USC00417947","SAN ANTONIO INCARNATE WORD, TX US","2018-10-06","0.00","88","75",
"USC00417947","SAN ANTONIO INCARNATE WORD, TX US","2018-10-07","0.09","89","75","75"
"USC00417947","SAN ANTONIO INCARNATE WORD, TX US","2018-10-08","0.02","85","75","76"
"USC00417947","SAN ANTONIO INCARNATE WORD, TX US","2018-10-09","1.16","82","72","76"
"USC00417947","SAN ANTONIO INCARNATE WORD, TX US","2018-10-10","1.09","80","62","68"
"USC00417947","SAN ANTONIO INCARNATE WORD, TX US","2018-10-11","0.00","81","61",
"USC00417947","SAN ANTONIO INCARNATE WORD, TX US","2018-10-12","0.00","74","61",
"USC00417947","SAN ANTONIO INCARNATE WORD, TX US","2018-10-13","0.00","84","64",
"USC00417947","SAN ANTONIO INCARNATE WORD, TX US","2018-10-14","0.07","87","75","77"
"USC00417947","SAN ANTONIO INCARNATE WORD, TX US","2018-10-15","0.83","88","53","53"
"USC00417947","SAN ANTONIO INCARNATE WORD, TX US","2018-10-16","0.55","58","45","48"
"USC00417947","SAN ANTONIO INCARNATE WORD, TX US","2018-10-17","0.02","52","46","51"
"USC00417947","SAN ANTONIO INCARNATE WORD, TX US","2018-10-18","0.00","59","50",
"USC00417947","SAN ANTONIO INCARNATE WORD, TX US","2018-10-19","0.61","61","52","61"
"USC00417947","SAN ANTONIO INCARNATE WORD, TX US","2018-10-20","0.17","66","61","64"
"USC00417947","SAN ANTONIO INCARNATE WORD, TX US","2018-10-21","0.00","72","60",
"USC00417947","SAN ANTONIO INCARNATE WORD, TX US","2018-10-22","0.00","70","53",
"USC00417947","SAN ANTONIO INCARNATE WORD, TX US","2018-10-23","0.47","64","50","52"
"USC00417947","SAN ANTONIO INCARNATE WORD, TX US","2018-10-24","0.21","63","50","57"
"USC00417947","SAN ANTONIO INCARNATE WORD, TX US","2018-10-25","0.64","63","57","58"
"USC00417947","SAN ANTONIO INCARNATE WORD, TX US","2018-10-26","0.00","71","51",
"USC00417947","SAN ANTONIO INCARNATE WORD, TX US","2018-10-27","0.00","80","52",
"USC00417947","SAN ANTONIO INCARNATE WORD, TX US","2018-10-28","0.00","82","50",
"USC00417947","SAN ANTONIO INCARNATE WORD, TX US","2018-10-29","0.00","81","51",
"USC00417947","SAN ANTONIO INCARNATE WORD, TX US","2018-10-30","0.00","81","58",
"USC00417947","SAN ANTONIO INCARNATE WORD, TX US","2018-10-31","0.00","82","68",
"USC00417947","SAN ANTONIO INCARNATE WORD, TX US","2018-11-01","0.15","81","52","52"
"USC00417947","SAN ANTONIO INCARNATE WORD, TX US","2018-11-02","0.00","69","41",
"USC00417947","SAN ANTONIO INCARNATE WORD, TX US","2018-11-03","0.00","74","41",
"USC00417947","SAN ANTONIO INCARNATE WORD, TX US","2018-11-04","0.00","77","47",
"USC00417947","SAN ANTONIO INCARNATE WORD, TX US","2018-11-05","0.02","71","55","63"
"USC00417947","SAN ANTONIO INCARNATE WORD, TX US","2018-11-06","0.00","71","59",
"USC00417947","SAN ANTONIO INCARNATE WORD, TX US","2018-11-07","0.00","79","62",
"USC00417947","SAN ANTONIO INCARNATE WORD, TX US","2018-11-08","0.02","82","64","65"
"USC00417947","SAN ANTONIO INCARNATE WORD, TX US","2018-11-09","0.94","67","49","50"
"USC00417947","SAN ANTONIO INCARNATE WORD, TX US","2018-11-10","0.03","56","48","48"
"USC00417947","SAN ANTONIO INCARNATE WORD, TX US","2018-11-11","0.01","54","45","48"
"USC00417947","SAN ANTONIO INCARNATE WORD, TX US","2018-11-12","0.20","54","46","51"
"USC00417947","SAN ANTONIO INCARNATE WORD, TX US","2018-11-13","0.02","53","36","37"
"USC00417947","SAN ANTONIO INCARNATE WORD, TX US","2018-11-14","0.00","47","22","31"
"USC00417947","SAN ANTONIO INCARNATE WORD, TX US","2018-11-15","0.00","58","31","36"
"USC00417947","SAN ANTONIO INCARNATE WORD, TX US","2018-11-16","0.00","65","28",
"USC00417947","SAN ANTONIO INCARNATE WORD, TX US","2018-11-17","0.00","68","31",
"USC00417947","SAN ANTONIO INCARNATE WORD, TX US","2018-11-18","0.02","71","39","51"
"USC00417947","SAN ANTONIO INCARNATE WORD, TX US","2018-11-19","0.00","63","47","47"
"USC00417947","SAN ANTONIO INCARNATE WORD, TX US","2018-11-20","0.00","53","47",
"USC00417947","SAN ANTONIO INCARNATE WORD, TX US","2018-11-21","0.00","62","38",
"USC00417947","SAN ANTONIO INCARNATE WORD, TX US","2018-11-22","0.04","51","40","51"
"USC00417947","SAN ANTONIO INCARNATE WORD, TX US","2018-11-23","0.00","61","50",
"USC00417947","SAN ANTONIO INCARNATE WORD, TX US","2018-11-24","0.00","74","43",
"USC00417947","SAN ANTONIO INCARNATE WORD, TX US","2018-11-25","0.00","70","49",
"USC00417947","SAN ANTONIO INCARNATE WORD, TX US","2018-11-26","0.00","49","46","46"
"USC00417947","SAN ANTONIO INCARNATE WORD, TX US","2018-11-27","0.00","62","31","43"
"USC00417947","SAN ANTONIO INCARNATE WORD, TX US","2018-11-28","0.00","63","43","45"
"USC00417947","SAN ANTONIO INCARNATE WORD, TX US","2018-11-29","0.00","68","42","53"
"USC00417947","SAN ANTONIO INCARNATE WORD, TX US","2018-11-30","0.02","73","46","66"
"USC00417947","SAN ANTONIO INCARNATE WORD, TX US","2018-12-01","0.00","79","54","63"
"USC00417947","SAN ANTONIO INCARNATE WORD, TX US","2018-12-02","0.00","74","41",
"USC00417947","SAN ANTONIO INCARNATE WORD, TX US","2018-12-03","0.00","52","49","52"
"USC00417947","SAN ANTONIO INCARNATE WORD, TX US","2018-12-04","0.00","58","43",
"USC00417947","SAN ANTONIO INCARNATE WORD, TX US","2018-12-05","0.00","46","45","46"
"USC00417947","SAN ANTONIO INCARNATE WORD, TX US","2018-12-06","0.00","54","45",
"USC00417947","SAN ANTONIO INCARNATE WORD, TX US","2018-12-07","0.28","64","53","53"
"USC00417947","SAN ANTONIO INCARNATE WORD, TX US","2018-12-08","1.55","56","45","45"
"USC00417947","SAN ANTONIO INCARNATE WORD, TX US","2018-12-09","0.00","49","38",
"USC00417947","SAN ANTONIO INCARNATE WORD, TX US","2018-12-10","0.00","57","31","43"
"USC00417947","SAN ANTONIO INCARNATE WORD, TX US","2018-12-11","0.00","61","29","34"
"USC00417947","SAN ANTONIO INCARNATE WORD, TX US","2018-12-12",,"59","29",
"USC00417947","SAN ANTONIO INCARNATE WORD, TX US","2018-12-13",,"64","50",
"USC00417947","SAN ANTONIO INCARNATE WORD, TX US","2018-12-14",,"69","43","44"
"USC00417947","SAN ANTONIO INCARNATE WORD, TX US","2018-12-15","0.00","57","37",
"USC00417947","SAN ANTONIO INCARNATE WORD, TX US","2018-12-16","0.00","71","29","45"
"USC00417947","SAN ANTONIO INCARNATE WORD, TX US","2018-12-17","0.00","69","45","46"
"USC00417947","SAN ANTONIO INCARNATE WORD, TX US","2018-12-18","0.00","70","36","50"
"USC00417947","SAN ANTONIO INCARNATE WORD, TX US","2018-12-19","0.30","67","44",
"USC00417947","SAN ANTONIO INCARNATE WORD, TX US","2018-12-20","0.03","70","48","55"
"USC00417947","SAN ANTONIO INCARNATE WORD, TX US","2018-12-21","0.00","65","32","36"
"USC00417947","SAN ANTONIO INCARNATE WORD, TX US","2018-12-22","0.00","68","31",
"USC00417947","SAN ANTONIO INCARNATE WORD, TX US","2018-12-23","0.00","77","33","52"
"USC00417947","SAN ANTONIO INCARNATE WORD, TX US","2018-12-24","0.00","65","40",
"USC00417947","SAN ANTONIO INCARNATE WORD, TX US","2018-12-25","0.00","74","61",
"USC00417947","SAN ANTONIO INCARNATE WORD, TX US","2018-12-26","0.15","72","63","66"
"USC00417947","SAN ANTONIO INCARNATE WORD, TX US","2018-12-27","0.30","72","50","53"
"USC00417947","SAN ANTONIO INCARNATE WORD, TX US","2018-12-28",,"71","45",
"USC00417947","SAN ANTONIO INCARNATE WORD, TX US","2018-12-29",,"59","42","43"
"USC00417947","SAN ANTONIO INCARNATE WORD, TX US","2018-12-30","0.90","47","40","40"
"USC00417947","SAN ANTONIO INCARNATE WORD, TX US","2018-12-31","0.19","43","40","41"
"USC00417947","SAN ANTONIO INCARNATE WORD, TX US","2019-01-01","0.01","59","34",
